num_clust	sil_score
2	0.27916794706558823
3	0.2112357923651728
