id	cluster	sil_score
0	0	0.23897813079432417
1	0	0.2007031381021705
2	0	0.3239113332497051
3	0	0.34228540574534133
4	0	0.3303356904024745
5	0	0.21240229614819361
6	1	0.3668577004218017
7	1	0.08074161076174538
8	0	0.10057375338419713
9	0	0.2519640060866576
10	0	0.262882746846164
11	0	0.30902540256202266
12	0	0.33999459857254793
13	1	0.4016094458187906
14	1	0.4345016218464416
15	0	0.3438242074184015
16	0	0.20678436771827297
17	0	0.2348854952701035
18	0	0.2877497308217161
19	1	0.31334825934069394
